Team,Date,Opponent,FIFA Rank at Time,Result (W/L/D),Shots,On Target,Goals,Opp. Shots,Opp. On Target,Opp. Goals
Paraguay,31/03/2026,Morocco,8,L,11,7,1,6,4,2
Paraguay,18/11/2025,Mexico,15,W,14,7,2,9,4,1
Paraguay,15/11/2025,USA,16,L,8,3,1,8,4,2
Paraguay,09/09/2025,Peru,53,W,7,5,1,12,3,0
Paraguay,10/06/2025,Brazil,6,L,5,1,0,11,4,1
Paraguay,05/06/2025,Uruguay,17,W,12,5,2,5,1,0
Paraguay,25/03/2025,Colombia,13,D,21,6,2,10,5,2
Paraguay,20/03/2025,Chile,54,W,16,5,1,9,3,0
Paraguay,19/11/2024,Bolivia,76,D,13,4,2,11,5,2
Paraguay,14/11/2024,Argentina,3,W,8,2,2,9,1,1
Paraguay,10/10/2024,Ecuador,23,D,3,2,0,14,5,0
Paraguay,10/09/2024,Brazil,6,W,7,2,1,9,3,0
Paraguay,06/09/2024,Uruguay,17,D,8,2,0,12,1,0
Paraguay,02/07/2024,Costa Rica (Copa Am. GS),51,L,17,6,1,2,2,2
Paraguay,28/06/2024,Brazil (Copa Am. GS),6,L,15,6,1,17,6,4
Paraguay,24/06/2024,Colombia (Copa Am. GS),13,L,11,3,1,11,3,2
Paraguay,16/06/2024,Panama,33,W,8,4,1,8,1,0
Scotland,31/03/2026,Ivory Coast,34,L,14,4,0,12,3,1
Scotland,28/03/2026,Japan,18,L,8,3,0,18,7,1
Scotland,18/11/2025,Denmark,18,W,10,5,4,18,3,2
Scotland,15/11/2025,Greece,48,L,12,6,2,18,10,3
Scotland,12/10/2025,Belarus,103,W,12,6,2,22,3,1
Scotland,09/10/2025,Greece,48,W,8,3,3,15,3,1
Scotland,08/09/2025,Belarus,103,W,12,9,2,5,3,0
Scotland,05/09/2025,Denmark,21,D,11,1,0,16,2,0
Scotland,09/06/2025,Liechtenstein,207,W,19,6,4,1,0,0
Scotland,06/06/2025,Iceland,74,L,15,5,1,5,3,3
Scotland,23/03/2025,Greece (NL Playoff),44,L,11,5,0,13,5,3
Scotland,20/03/2025,Greece (NL Playoff),44,W,8,2,1,24,1,0
Scotland,18/11/2024,Poland,35,W,16,7,2,19,6,1
Scotland,15/11/2024,Croatia,13,W,8,2,1,12,4,0
Scotland,12/10/2024,Croatia,12,L,9,2,1,17,6,2
Scotland,15/10/2024,Portugal,8,D,4,2,0,14,3,0
Scotland,08/09/2024,Portugal,6,L,5,2,1,26,7,2
Scotland,05/09/2024,Poland,35,L,11,3,2,10,3,3
Scotland,23/06/2024,Hungary (Euro 2024 GS),30,L,4,0,0,14,5,1
Scotland,19/06/2024,Switzerland (Euro 2024 GS),19,D,12,3,1,11,4,1
Algeria,31/03/2026,Uruguay,17,D,7,0,0,11,1,0
Algeria,27/03/2026,Guatemala,96,W,25,9,7,5,3,0
Algeria,10/01/2026,Nigeria,26,L,3,0,0,13,5,2
Algeria,06/01/2026,DR Congo,46,W,12,6,1,6,2,0
Algeria,31/12/2025,Equatorial Guinea,105,W,16,6,3,10,3,1
Algeria,28/12/2025,Burkina Faso,62,W,10,5,1,14,2,0
Algeria,24/12/2025,Sudan,117,W,14,7,3,5,2,0
Algeria,12/12/2025,United Arab Emirates,68,D,8,4,1,6,3,1
Algeria,09/12/2025,Iraq,57,W,14,5,2,5,1,0
Algeria,06/12/2025,Bahrain,81,W,11,5,5,4,3,1
Algeria,03/12/2025,Sudan,117,D,5,1,0,10,0,0
Algeria,18/11/2025,Saudi Arabia,61,W,10,4,2,6,2,0
Algeria,14/10/2025,Uganda,88,W,8,5,2,7,3,1
Algeria,09/10/2025,Somalia,198,W,18,9,3,2,1,0
Algeria,08/09/2025,Guinea,80,D,4,3,0,7,3,0
Algeria,04/09/2025,Botswana,146,W,16,11,3,11,5,1
Algeria,10/06/2025,Sweden,41,L,17,6,3,12,9,4
Algeria,25/03/2025,Mozambique,100,W,17,13,5,2,1,1
Argentina,20/06/2024,Canada,30,W,19,9,2,10,2,0
Argentina,25/06/2024,Chile,54,W,22,9,1,3,3,0
Argentina,29/06/2024,Peru,53,W,12,6,2,6,1,0
Argentina,04/07/2024,Ecuador,23,D,8,2,1,9,2,1
Argentina,09/07/2024,Canada,30,W,11,3,2,9,2,0
Argentina,14/07/2024,Colombia,13,W,11,6,1,19,4,0
Argentina,05/09/2024,Chile,54,W,16,8,3,5,1,0
Argentina,10/09/2024,Colombia,13,L,13,1,1,9,5,2
Argentina,10/10/2024,Venezuela,49,D,8,4,1,16,6,1
Argentina,15/10/2024,Bolivia,76,W,14,10,6,4,1,0
Argentina,14/11/2024,Paraguay,40,L,9,1,1,8,2,2
Argentina,19/11/2024,Peru,53,W,11,3,1,2,0,0
Argentina,21/03/2025,Uruguay,17,W,12,4,1,6,2,0
Argentina,25/03/2025,Brazil,6,W,12,7,4,3,1,1
Argentina,05/06/2025,Chile,54,W,10,4,1,7,3,0
Argentina,10/06/2025,Colombia,13,D,10,3,1,11,5,1
Argentina,04/09/2025,Venezuela,49,W,17,9,3,5,0,0
Argentina,09/09/2025,Ecuador,23,L,8,0,0,11,4,1
Argentina,10/10/2025,Venezuela,49,W,19,11,1,5,1,0
Argentina,15/10/2025,Puerto Rico,156,W,25,11,6,5,3,0
Australia,31/03/2026,Curaçao,82,W,11,6,5,7,4,1
Australia,27/03/2026,Cameroon,45,W,8,4,1,7,1,0
Australia,18/11/2025,Colombia,13,L,2,1,0,16,8,3
Australia,14/11/2025,Venezuela,49,L,9,4,0,10,5,1
Australia,14/10/2025,United States,16,L,9,3,1,11,4,2
Australia,10/10/2025,Canada,30,W,5,1,1,17,8,0
Australia,09/09/2025,New Zealand,85,W,13,6,3,8,4,1
Australia,05/09/2025,New Zealand,85,W,7,3,1,9,4,0
Australia,10/06/2025,Saudi Arabia,61,W,4,3,2,14,6,1
Australia,05/06/2025,Japan,18,W,6,3,1,13,1,0
Australia,25/03/2025,China,94,W,7,2,2,12,1,0
Australia,20/03/2025,Indonesia,122,W,9,7,5,11,4,1
Australia,19/11/2024,Bahrain,91,D,8,4,2,7,3,2
Australia,14/11/2024,Saudi Arabia,61,D,14,2,0,4,1,0
Australia,15/10/2024,Japan,18,D,2,1,1,13,4,1
Australia,10/10/2024,China,94,W,18,4,3,6,1,1
Australia,10/09/2024,Indonesia,122,D,19,5,0,5,2,0
Australia,05/09/2024,Bahrain,91,L,11,4,0,4,2,1
Australia,11/06/2024,Palestine,95,W,10,6,5,11,2,0
Australia,06/06/2024,Bangladesh,181,W,15,4,2,2,0,0
Austria,31/03/2026,South Korea,25,W,5,1,1,11,2,0
Austria,18/11/2025,Bosnia and Herzegovina,,D,12,5,1,7,1,1
Austria,15/11/2025,Cyprus,126,W,13,7,2,3,0,0
Austria,12/10/2025,Romania,,L,3,1,0,9,2,1
Austria,09/10/2025,San Marino,,W,25,14,10,4,1,0
Austria,09/09/2025,Bosnia and Herzegovina,,W,9,4,2,14,3,1
Austria,06/09/2025,Cyprus,126,W,10,3,1,16,5,0
Austria,07/06/2025,Romania,,W,14,9,2,10,3,1
Austria,23/03/2025,Serbia,,L,12,5,0,13,4,2
Austria,17/11/2024,Slovenia,,D,22,4,1,9,3,1
Austria,14/11/2024,Kazakhstan,,W,23,8,2,6,1,0
Austria,13/10/2024,Norway,31,W,16,10,5,8,1,1
Austria,10/10/2024,Kazakhstan,,W,29,8,4,5,1,0
Austria,09/09/2024,Norway,31,L,9,3,1,6,4,2
Austria,06/09/2024,Slovenia,,D,11,4,1,8,1,1
Austria,02/07/2024,Turkey,,L,21,5,1,6,3,2
Austria,25/06/2024,Netherlands,,W,9,5,3,11,2,2
Belgium,31/03/2026,Mexico,15,D,5,3,1,5,3,1
Belgium,18/11/2025,Liechtenstein,206,W,23,13,7,2,1,0
Belgium,15/11/2025,Kazakhstan,110,D,20,8,1,9,3,1
Belgium,13/10/2025,Wales,37,W,16,6,4,9,3,2
Belgium,10/10/2025,North Macedonia,67,D,25,5,0,3,0,0
Belgium,07/09/2025,Kazakhstan,110,W,35,15,6,5,2,0
Belgium,04/09/2025,Liechtenstein,206,W,28,13,6,0,0,0
Belgium,09/06/2025,Wales,37,W,18,4,4,12,8,3
Belgium,06/06/2025,North Macedonia,67,D,17,4,1,7,2,1
Belgium,23/03/2025,Ukraine,32,W,19,6,3,6,1,0
Belgium,20/03/2025,Ukraine,32,L,9,4,1,12,7,3
Belgium,17/11/2024,Israel,77,L,12,4,0,10,4,1
Belgium,14/11/2024,Italy,12,L,11,3,0,11,4,1
Belgium,14/10/2024,France,1,L,20,7,1,14,4,2
Belgium,10/10/2024,Italy,12,D,12,4,2,8,4,2
Belgium,09/09/2024,France,1,L,9,4,0,25,9,2
Belgium,06/09/2024,Israel,77,W,25,8,3,10,2,1
Belgium,01/07/2024,France,1,L,5,2,0,18,2,1
Belgium,26/06/2024,Ukraine,32,D,12,4,0,13,4,0
Belgium,22/06/2024,Romania,56,W,20,9,2,14,5,0
Bosnia Herzegovina,31/03/2026,Italy,12,D,30,11,1,9,3,1
Bosnia Herzegovina,26/03/2026,Wales,37,D,14,5,1,19,3,1
Bosnia Herzegovina,18/11/2025,Austria,25,D,8,1,1,10,3,1
Bosnia Herzegovina,15/11/2025,Romania,55,W,16,4,3,9,3,1
Bosnia Herzegovina,09/10/2025,Cyprus,128,D,14,6,2,14,3,2
Bosnia Herzegovina,09/09/2025,Austria,25,L,16,3,1,11,5,2
Bosnia Herzegovina,06/09/2025,San Marino,211,W,22,10,6,4,1,0
Bosnia Herzegovina,07/06/2025,San Marino,211,W,21,6,1,5,0,0
Bosnia Herzegovina,03/06/2025,Northern Ireland,71,D,10,5,1,9,3,1
Bosnia Herzegovina,24/03/2025,Cyprus,128,W,14,6,2,11,4,1
Bosnia Herzegovina,21/03/2025,Romania,55,W,5,1,1,15,3,0
Bosnia Herzegovina,19/11/2024,Netherlands,6,D,8,3,1,12,2,1
Bosnia Herzegovina,16/11/2024,Germany,10,L,7,3,0,23,13,7
Bosnia Herzegovina,14/10/2024,Hungary,42,L,12,3,0,12,5,2
Bosnia Herzegovina,11/10/2024,Germany,10,L,8,1,1,12,4,2
Bosnia Herzegovina,10/09/2024,Hungary,42,D,7,2,0,20,5,0
Bosnia Herzegovina,07/09/2024,Netherlands,6,L,4,3,2,28,9,5
Brazil,31/03/2026,Croatia,11,W,13,7,3,12,3,1
Brazil,26/03/2026,France,1,L,17,4,1,7,3,2
Brazil,18/11/2025,Tunisia,44,D,21,3,1,7,2,1
Brazil,15/11/2025,Senegal,14,W,14,6,2,11,1,0
Brazil,14/10/2025,Japan,18,L,9,4,2,15,6,3
Brazil,10/10/2025,South Korea,25,W,14,7,5,4,1,0
Brazil,09/09/2025,Bolivia,76,L,10,3,0,23,10,1
Brazil,04/09/2025,Chile,54,W,22,7,3,3,0,0
Brazil,10/06/2025,Paraguay,40,W,11,4,1,5,1,0
Brazil,05/06/2025,Ecuador,23,D,3,2,0,7,3,0
Brazil,25/03/2025,Argentina,3,L,3,1,1,12,7,4
Brazil,20/03/2025,Colombia,13,W,17,7,2,10,3,1
Brazil,19/11/2024,Uruguay,17,D,18,3,1,8,2,1
Brazil,14/11/2024,Venezuela,49,D,13,3,1,12,5,1
Brazil,15/10/2024,Peru,53,W,18,8,4,3,2,0
Brazil,10/10/2024,Chile,54,W,14,4,2,7,1,1
Brazil,06/09/2024,Ecuador,23,W,10,3,1,9,2,0
Brazil,10/09/2024,Paraguay,40,L,9,3,0,7,2,1
Brazil,06/07/2024,Uruguay (Copa Am. QF),17,D,7,3,0,12,1,0
Brazil,02/07/2024,Colombia (Copa Am. GS),13,D,16,4,1,10,5,1
Canada,18/11/2025,Venezuela,48,W,8,4,2,10,3,0
Canada,13/11/2025,Ecuador,23,D,4,1,0,4,0,0
Canada,14/10/2025,Colombia,13,D,7,2,0,11,3,0
Canada,10/10/2025,Australia,26,L,17,8,0,5,1,1
Canada,09/09/2025,Wales,32,W,12,2,1,6,2,0
Canada,05/09/2025,Romania,47,W,16,8,3,11,2,0
Canada,29/06/2025,Guatemala,106,D,4,1,1,8,2,1
Canada,24/06/2025,El Salvador,81,W,14,4,2,2,0,0
Canada,21/06/2025,Curacao,86,D,11,4,1,6,2,1
Canada,17/06/2025,Honduras,65,W,20,8,6,7,4,0
Canada,10/06/2025,Ivory Coast,41,D,8,0,0,10,1,0
Canada,07/06/2025,Ukraine,27,W,12,6,4,13,8,2
Canada,23/03/2025,United States,15,W,10,4,2,9,3,1
Canada,20/03/2025,Mexico,16,L,9,3,0,12,5,2
Canada,19/11/2024,Suriname,137,W,16,7,3,5,1,0
Canada,15/11/2024,Suriname,137,W,12,4,1,6,1,0
Canada,15/10/2024,Panama,31,W,11,4,2,8,3,1
Canada,10/09/2024,Mexico,16,D,5,1,0,14,2,0
Canada,07/09/2024,United States,15,W,17,7,2,8,2,1
Canada,13/07/2024,Uruguay,11,D,14,6,2,12,5,2
Cape Verde,30/03/2026,Finland,73,D,15,3,1,12,7,1
Cape Verde,27/03/2026,Chile,54,L,9,3,2,9,5,4
Cape Verde,19/11/2024,Mauritania,115,L,8,3,0,12,7,1
Cape Verde,15/11/2024,Egypt,29,D,7,2,1,9,6,1
Cape Verde,15/10/2024,Botswana,146,L,14,3,0,7,3,1
Cape Verde,10/10/2024,Botswana,146,L,25,5,0,5,3,1
Cape Verde,10/09/2024,Mauritania,115,W,8,2,2,14,5,0
Cape Verde,06/09/2024,Egypt,29,L,12,1,0,14,8,3
Colombia,29/03/2026,France,1,L,13,5,1,14,5,3
Colombia,27/03/2026,Croatia,11,L,14,5,1,12,3,2
Colombia,10/09/2025,Venezuela,49,W,13,9,6,11,8,3
Colombia,05/09/2025,Bolivia,76,W,12,8,3,9,3,0
Colombia,11/06/2025,Argentina,3,D,11,5,1,10,3,1
Colombia,06/06/2025,Peru,53,D,15,0,0,4,1,0
Colombia,21/03/2025,Brazil,6,L,10,3,1,17,7,2
Colombia,15/07/2024,Argentina,3,L,19,9,0,11,5,1
Colombia,11/07/2024,Uruguay,17,W,11,3,1,10,3,0
Colombia,07/07/2024,Panama,33,W,7,5,5,15,2,0
Colombia,03/07/2024,Brazil,6,D,13,6,1,7,3,1
Colombia,29/06/2024,Costa Rica,51,W,16,8,3,5,0,0
Colombia,25/06/2024,Paraguay,40,W,12,3,2,11,2,1
Congo Dr,31/03/2026,Jamaica,71,W,19,3,1,6,1,0
Congo Dr,06/01/2026,Algeria,28,L,5,2,0,8,3,1
Congo Dr,30/12/2025,Botswana,146,W,28,6,3,6,1,0
Congo Dr,27/12/2025,Senegal,14,D,3,3,1,7,3,1
Congo Dr,23/12/2025,Benin,90,W,11,3,1,12,2,0
Congo Dr,16/11/2025,Nigeria,26,D,10,8,1,11,2,1
Congo Dr,13/11/2025,Cameroon,45,W,10,2,1,7,3,0
Congo Dr,14/10/2025,Sudan,117,W,9,3,1,3,0,0
Congo Dr,10/10/2025,Togo,121,W,4,1,1,3,2,0
Congo Dr,09/09/2025,Senegal,14,L,7,4,2,11,6,3
Congo Dr,05/09/2025,South Sudan,170,W,11,8,4,7,5,1
Congo Dr,17/08/2025,Morocco,8,L,14,3,1,6,4,3
Congo Dr,14/08/2025,Angola,89,W,13,6,2,20,7,0
Congo Dr,07/08/2025,Zambia,92,W,6,2,2,4,2,0
Congo Dr,03/08/2025,Kenya,111,L,20,2,0,8,2,1
Croatia,31/03/2026,Brazil,6,L,12,3,1,13,7,3
Croatia,26/03/2026,Colombia,13,W,12,3,2,14,5,1
Croatia,17/11/2025,Montenegro,75,W,17,7,3,12,5,2
Croatia,14/11/2025,Faroe Islands,127,W,20,4,3,4,4,1
Croatia,12/10/2025,Gibraltar,196,W,28,10,3,1,0,0
Croatia,09/10/2025,Czechia,41,D,10,2,0,11,2,0
Croatia,08/09/2025,Montenegro,75,W,32,13,4,3,1,0
Croatia,05/09/2025,Faroe Islands,127,W,26,8,1,6,3,0
Croatia,09/06/2025,Czechia,41,W,18,11,5,14,5,1
Croatia,06/06/2025,Gibraltar,196,W,30,13,7,3,0,0
Croatia,23/03/2025,France,1,L,5,0,0,28,8,2
Croatia,20/03/2025,France,1,W,8,4,2,16,6,0
Croatia,18/11/2024,Portugal,5,D,15,8,1,12,5,1
Croatia,15/11/2024,Scotland,43,L,12,4,0,8,2,1
Croatia,15/10/2024,Poland,35,D,15,8,3,14,6,3
Croatia,12/10/2024,Scotland,43,W,17,6,2,9,2,1
Croatia,08/09/2024,Poland,35,W,23,6,1,11,2,0
Croatia,05/09/2024,Portugal,5,L,13,4,1,15,6,2
Croatia,24/06/2024,Italy,12,D,6,4,1,13,3,1
Croatia,19/06/2024,Albania,65,D,22,10,2,15,7,2
Curacao,31/03/2026,Australia,27,L,7,4,1,11,6,5
Curacao,27/03/2026,China,94,L,8,1,0,11,3,2
Curacao,18/11/2025,Jamaica,71,D,16,5,0,13,1,0
Curacao,13/11/2025,Bermuda,166,W,27,15,7,5,1,0
Curacao,14/10/2025,Trinidad and Tobago,102,D,9,1,1,16,6,1
Curacao,10/10/2025,Jamaica,71,W,7,4,2,18,7,0
Curacao,09/09/2025,Bermuda,166,W,22,10,3,6,3,2
Curacao,05/09/2025,Trinidad and Tobago,102,D,5,2,0,13,6,0
Curacao,24/06/2025,Honduras,66,L,10,3,1,10,3,2
Curacao,21/06/2025,Canada,30,D,6,2,1,11,4,1
Curacao,17/06/2025,El Salvador,100,D,6,3,0,6,1,0
Czechia,31/03/2026,Denmark,20,D,9,4,2,22,8,2
Czechia,26/03/2026,Republic of Ireland,59,D,12,3,2,10,3,2
Czechia,17/11/2025,Gibraltar,203,W,25,10,6,0,0,0
Czechia,13/11/2025,San Marino,211,W,14,1,1,2,0,0
Czechia,12/10/2025,Faroe Islands,123,L,14,1,1,6,3,2
Czechia,09/10/2025,Croatia,11,D,11,2,0,10,2,0
Czechia,05/09/2025,Montenegro,81,W,20,10,2,22,5,0
Czechia,09/06/2025,Croatia,11,L,14,5,1,18,11,5
Czechia,06/06/2025,Montenegro,81,W,13,7,2,6,3,0
Czechia,25/03/2025,Gibraltar,203,W,29,12,4,1,0,0
Czechia,22/03/2025,Faroe Islands,123,W,16,7,2,5,3,1
Czechia,19/11/2024,Georgia,72,W,14,6,2,11,5,1
Czechia,16/11/2024,Albania,64,D,8,2,0,9,2,0
Czechia,14/10/2024,Ukraine,32,D,15,7,1,13,3,1
Czechia,11/10/2024,Albania,64,W,19,5,2,7,2,0
Czechia,10/09/2024,Ukraine,32,W,14,5,3,19,5,2
Czechia,07/09/2024,Georgia,72,L,10,5,1,13,6,4
Czechia,26/06/2024,Türkiye,22,L,12,7,1,18,5,2
Czechia,22/06/2024,Georgia,72,D,27,12,1,5,1,1
Czechia,18/06/2024,Portugal,5,L,5,1,1,19,8,2
Ecuador,31/03/2026,Netherlands,7,D,16,3,1,2,1,1
Ecuador,27/03/2026,Morocco,8,D,8,2,1,12,3,1
Ecuador,18/11/2025,New Zealand,85,W,24,8,2,10,2,0
Ecuador,14/11/2025,Canada,29,D,4,0,0,4,1,0
Ecuador,15/10/2025,Mexico,16,D,7,5,1,13,4,1
Ecuador,10/10/2025,USA,15,D,8,4,1,11,5,1
Ecuador,09/09/2025,Argentina,3,W,11,4,1,8,0,0
Ecuador,04/09/2025,Paraguay,39,D,6,1,0,7,3,0
Ecuador,10/06/2025,Peru,53,D,10,3,0,13,5,0
Ecuador,05/06/2025,Brazil,5,D,7,3,0,3,2,0
Ecuador,25/03/2025,Chile,54,D,7,2,0,16,2,0
Ecuador,21/03/2025,Venezuela,49,W,16,6,2,10,6,1
Ecuador,19/11/2024,Colombia,13,W,4,1,1,26,7,0
Ecuador,14/11/2024,Bolivia,76,W,29,15,4,1,1,0
Ecuador,15/10/2024,Uruguay,15,D,8,4,0,11,4,0
Ecuador,10/10/2024,Paraguay,39,D,15,5,0,3,2,0
Ecuador,10/09/2024,Peru,53,W,10,4,1,2,1,0
Ecuador,06/09/2024,Brazil,5,L,6,2,0,9,3,1
Ecuador,04/07/2024,Argentina,3,D,8,2,1,8,2,1
Ecuador,30/06/2024,Mexico,16,D,8,3,0,19,3,0
Egypt,31/03/2026,Spain,2,D,4,1,0,25,6,0
Egypt,27/03/2026,Saudi Arabia,61,W,13,8,4,7,0,0
Egypt,17/01/2026,Nigeria,26,L,5,1,0,5,4,0
Egypt,14/01/2026,Senegal,12,L,3,1,0,12,4,1
Egypt,10/01/2026,Ivory Coast,37,W,6,4,3,13,4,2
Egypt,05/01/2026,Benin,90,W,12,7,3,8,3,1
Egypt,29/12/2025,Angola,89,D,5,2,0,16,4,0
Egypt,26/12/2025,South Africa,60,W,6,3,1,18,6,0
Egypt,22/12/2025,Zimbabwe,130,W,35,11,2,8,3,1
Egypt,09/12/2025,Jordan,63,L,20,7,0,16,6,3
Egypt,06/12/2025,United Arab Emirates,68,D,6,2,1,7,2,1
Egypt,02/12/2025,Kuwait,134,D,19,6,1,7,3,1
Egypt,12/10/2025,Guinea-Bissau,132,W,7,3,1,6,2,0
Egypt,08/10/2025,Djibouti,197,W,13,7,3,0,0,0
Egypt,09/09/2025,Burkina Faso,62,D,8,2,0,3,0,0
Egypt,05/09/2025,Ethiopia,144,W,17,10,2,6,2,0
Egypt,25/03/2025,Sierra Leone,119,W,9,3,1,3,1,0
Egypt,21/03/2025,Ethiopia,144,W,13,8,2,1,0,0
England Men,31/03/2026,Japan,18,L,14,4,0,7,3,1
England Men,27/03/2026,Uruguay,17,D,13,5,1,9,1,1
England Men,16/11/2025,Albania,64,W,15,10,2,7,3,0
England Men,13/11/2025,Serbia,39,W,19,6,2,7,1,0
England Men,14/10/2025,Latvia,137,W,24,7,5,6,1,0
England Men,09/10/2025,Wales,37,W,17,5,3,10,2,0
England Men,09/09/2025,Serbia,39,W,24,12,5,3,0,0
England Men,06/09/2025,Andorra,173,W,11,7,2,2,0,0
England Men,10/06/2025,Senegal,14,L,8,4,1,11,9,3
England Men,07/06/2025,Andorra,173,W,20,10,1,4,0,0
England Men,24/03/2025,Latvia,137,W,27,8,3,3,1,0
England Men,21/03/2025,Albania,64,W,12,6,2,3,0,0
England Men,17/11/2024,Republic of Ireland,59,W,22,7,5,1,1,0
England Men,14/11/2024,Greece,47,W,9,5,3,10,5,0
England Men,13/10/2024,Finland,73,W,15,6,3,13,3,1
England Men,10/10/2024,Greece,47,L,12,2,1,12,3,2
England Men,10/09/2024,Finland,73,W,22,8,2,2,0,0
England Men,07/09/2024,Republic of Ireland,59,W,16,9,2,6,1,0
England Men,14/07/2024,Spain,2,L,9,4,1,16,6,2
England Men,10/07/2024,Netherlands,7,W,9,5,2,7,2,1
France,29/03/2026,Colombia,13,W,14,5,3,13,5,1
France,26/03/2026,Brazil,6,W,7,3,2,17,4,1
France,16/11/2025,Azerbaijan,127,W,17,4,3,2,1,1
France,13/11/2025,Ukraine,32,W,25,10,4,1,0,0
France,13/10/2025,Iceland,75,D,20,9,2,4,2,2
France,10/10/2025,Azerbaijan,127,W,33,9,3,1,0,0
France,09/09/2025,Iceland,75,W,20,8,2,7,2,1
France,05/09/2025,Ukraine,32,W,16,6,2,8,3,0
France,08/06/2025,Germany,10,W,16,9,2,20,6,0
France,05/06/2025,Spain,2,L,24,9,4,16,8,5
France,23/03/2025,Croatia,11,W*,28,8,2,5,0,0
France,20/03/2025,Croatia,11,L,16,6,0,8,4,2
France,17/11/2024,Italy,12,W,6,4,3,10,4,1
France,14/11/2024,Israel,77,D,24,8,0,3,1,0
France,14/10/2024,Belgium,9,W,14,4,2,20,7,1
France,10/10/2024,Israel,77,W,15,5,4,1,1,1
France,09/09/2024,Belgium,9,W,25,9,2,9,4,0
France,06/09/2024,Italy,12,L,12,3,1,11,6,3
France,01/07/2024,Belgium,9,W,19,2,1,5,2,0
France,25/06/2024,Poland,35,D,19,8,1,10,3,1
Germany,30/03/2026,Ghana,74,W,23,6,2,6,1,1
Germany,27/03/2026,Switzerland,19,W,22,9,4,7,3,3
Germany,17/11/2025,Slovakia,48,W,22,10,6,6,2,0
Germany,14/11/2025,Luxembourg,98,W,14,7,2,7,1,0
Germany,13/10/2025,Northern Ireland,70,W,11,2,1,12,3,0
Germany,10/10/2025,Luxembourg,98,W,26,9,4,1,1,0
Germany,07/09/2025,Northern Ireland,70,W,11,6,3,4,1,1
Germany,04/09/2025,Slovakia,48,L,11,4,0,8,5,2
Germany,08/06/2025,France,1,L,20,6,0,15,8,2
Germany,04/06/2025,Portugal,5,L,9,5,1,13,6,2
Germany,23/03/2025,Italy,12,D,22,8,3,9,3,3
Germany,20/03/2025,Italy,12,W,10,4,2,13,6,1
Germany,19/11/2024,Hungary,42,D,12,3,1,16,6,1
Germany,16/11/2024,Bosnia & Herzegovina,65,W,23,13,7,7,3,0
Germany,14/10/2024,Netherlands,7,W,13,5,1,3,1,0
Germany,11/10/2024,Bosnia & Herzegovina,65,W,13,5,2,11,3,1
Germany,10/09/2024,Netherlands,7,D,17,6,2,11,5,2
Germany,07/09/2024,Hungary,42,W,23,9,5,6,1,0
Germany,05/07/2024,Spain,2,L,23,5,1,18,6,2
Germany,29/06/2024,Denmark,20,W,15,9,2,11,2,0
Ghana,30/03/2026,Germany,10,L,6,1,1,23,6,2
Ghana,27/03/2026,Austria,24,L,5,1,1,11,7,5
Ghana,18/11/2025,South Korea,25,L,12,1,0,7,4,1
Ghana,14/11/2025,Japan,18,L,7,2,0,14,5,2
Ghana,12/10/2025,Comoros,109,W,2,2,1,4,1,0
Ghana,08/10/2025,Central African Republic,139,W,18,11,5,2,0,0
Ghana,08/09/2025,Mali,52,W,6,2,1,9,4,0
Ghana,04/09/2025,Chad,183,D,6,2,1,8,2,1
Ghana,24/03/2025,Madagascar,104,W,7,5,3,7,2,0
Ghana,21/03/2025,Chad,183,W,10,5,5,1,0,0
Ghana,18/11/2024,Niger,114,L,12,3,1,11,5,2
Ghana,15/11/2024,Angola,89,D,8,1,1,13,4,1
Ghana,15/10/2024,Sudan,117,L,7,1,0,11,5,2
Ghana,10/10/2024,Sudan,117,D,18,7,0,6,4,0
Ghana,09/09/2024,Niger,114,D,6,3,1,14,3,1
Ghana,05/09/2024,Angola,89,L,20,5,0,12,5,1
Ghana,10/06/2024,Central African Republic,139,W,12,6,4,8,5,3
Haiti,31/03/2026,Iceland,75,D,11,3,1,4,1,1
Haiti,28/03/2026,Tunisia,44,L,13,2,0,11,5,1
Haiti,18/11/2025,Nicaragua,131,W,9,4,2,9,3,0
Haiti,13/11/2025,Costa Rica,51,W,8,3,1,14,6,0
Haiti,13/10/2025,Honduras,66,L,12,3,0,18,8,3
Haiti,09/10/2025,Nicaragua,131,W,10,6,3,12,3,0
Haiti,09/09/2025,Costa Rica,51,D,11,8,3,24,11,3
Haiti,05/09/2025,Honduras,66,D,15,7,0,14,3,0
Haiti,22/06/2025,USA,16,L,8,3,1,15,5,2
Haiti,19/06/2025,Trinidad and Tobago,102,D,16,3,1,9,2,1
Haiti,15/06/2025,Saudi Arabia,61,L,13,5,0,7,4,1
Haiti,10/06/2025,Curaçao,82,L,21,5,1,10,8,5
Haiti,07/06/2025,Aruba,189,W,24,10,5,7,3,0
Haiti,18/11/2024,Puerto Rico,156,W,16,8,3,5,0,0
Haiti,15/11/2024,Sint Maarten,,W,25,12,8,8,1,0
Haiti,14/10/2024,Aruba,189,W,17,8,5,6,3,3
Haiti,11/10/2024,Aruba,189,W,17,5,3,2,1,1
Haiti,09/09/2024,Sint Maarten,,W,20,9,6,12,2,0
Haiti,06/09/2024,Puerto Rico,156,W,21,8,4,11,5,1
Haiti,09/06/2024,Barbados,179,W,22,5,3,6,3,1
Iran,31/03/2026,Costa Rica,51,W,9,7,5,5,2,0
Iran,18/11/2025,Uzbekistan,50,D,10,2,0,6,1,0
Iran,10/10/2025,Russia,36,L,8,2,1,14,5,2
Iran,10/06/2025,North Korea,118,W,25,8,3,8,1,0
Iran,05/06/2025,Qatar,55,L,6,3,0,6,3,1
Iran,25/03/2025,Uzbekistan,50,D,20,8,2,13,4,2
Iran,20/03/2025,United Arab Emirates,68,W,15,8,2,6,1,0
Iran,19/11/2024,Kyrgyzstan,107,W,14,5,3,8,3,2
Iran,14/11/2024,North Korea,118,W,19,13,3,17,4,2
Iran,15/10/2024,Qatar,55,W,18,8,4,11,1,1
Iran,10/10/2024,Uzbekistan,50,D,10,5,0,10,1,0
Iran,10/09/2024,United Arab Emirates,68,W,12,3,1,12,2,0
Iran,05/09/2024,Kyrgyzstan,107,W,20,3,1,7,6,0
Iraq,01/04/2026,Bolivia,76,W,6,3,2,15,6,1
Iraq,12/12/2025,Jordan,63,L,21,3,0,6,4,1
Iraq,10/12/2025,Algeria,28,L,5,1,0,14,5,2
Iraq,07/12/2025,Sudan,117,W,10,4,2,12,1,0
Iraq,03/12/2025,Bahrain,91,W,10,5,2,11,1,1
Iraq,19/11/2025,United Arab Emirates,68,W,10,2,2,13,4,1
Iraq,14/11/2025,United Arab Emirates,68,D,10,5,1,19,4,1
Iraq,15/10/2025,Saudi Arabia,61,D,4,1,0,15,4,0
Iraq,12/10/2025,Indonesia,122,W,7,2,1,9,1,0
Iraq,11/06/2025,Jordan,63,W,7,4,1,9,0,0
Iraq,06/06/2025,South Korea,25,L,5,2,0,13,7,2
Iraq,26/03/2025,Palestine,95,L,13,3,1,15,5,2
Iraq,21/03/2025,Kuwait,134,D,18,7,2,4,2,2
Iraq,28/12/2024,Saudi Arabia,61,L,13,3,1,9,5,3
Iraq,26/12/2024,Bahrain,91,L,11,3,0,7,4,2
Iraq,22/12/2024,Yemen,149,W,19,4,1,5,0,0
Iraq,20/11/2024,Oman,79,W,5,3,1,9,3,0
Iraq,15/11/2024,Jordan,63,D,10,2,0,9,4,0
Iraq,15/10/2024,South Korea,25,L,8,2,2,7,3,3
Ivory Coast,31/03/2026,Scotland,43,W,12,3,1,14,4,0
Ivory Coast,28/03/2026,South Korea,25,W,13,8,4,12,2,0
Ivory Coast,10/01/2026,Egypt,29,L,13,4,2,6,4,3
Ivory Coast,06/01/2026,Burkina Faso,62,W,21,4,3,8,2,0
Ivory Coast,31/12/2025,Gabon,87,W,21,5,3,9,3,2
Ivory Coast,28/12/2025,Cameroon,45,D,13,2,1,12,2,1
Ivory Coast,24/12/2025,Mozambique,101,W,15,5,1,5,2,0
Ivory Coast,14/10/2025,Kenya,111,W,14,8,3,1,0,0
Ivory Coast,10/10/2025,Seychelles,204,W,30,17,7,4,1,0
Ivory Coast,09/09/2025,Gabon,87,D,8,3,0,6,3,0
Ivory Coast,05/09/2025,Burundi,142,W,14,5,1,1,0,0
Ivory Coast,10/06/2025,Canada,30,D,10,1,0,8,0,0
Ivory Coast,07/06/2025,New Zealand,85,L,13,4,0,2,1,1
Ivory Coast,24/03/2025,Gambia,116,W,5,3,1,8,3,0
Ivory Coast,21/03/2025,Burundi,142,W,9,3,1,3,0,0
Ivory Coast,19/11/2024,Chad,183,W,21,11,4,4,0,0
Japan,31/03/2026,England,4,W,7,2,1,19,4,0
Japan,28/03/2026,Scotland,43,W,18,7,1,8,3,0
Japan,18/11/2025,Bolivia,76,W,10,6,3,13,0,0
Japan,14/11/2025,Ghana,74,W,14,5,2,7,2,0
Japan,14/10/2025,Brazil,6,W,15,6,3,8,4,2
Japan,10/10/2025,Paraguay,40,D,11,6,2,7,2,2
Japan,15/07/2025,South Korea,25,W,4,1,1,9,1,0
Japan,12/07/2025,China,94,W,17,7,2,7,3,0
Japan,08/07/2025,Hong Kong,155,W,25,16,6,9,3,1
Japan,10/06/2025,Indonesia,122,W,22,10,6,0,0,0
Japan,05/06/2025,Australia,27,L,13,1,0,6,3,1
Japan,25/03/2025,Saudi Arabia,61,D,12,2,0,1,0,0
Japan,20/03/2025,Bahrain,91,W,12,4,2,7,2,0
Japan,19/11/2024,China,94,W,11,5,3,8,3,1
Japan,15/11/2024,Indonesia,122,W,15,9,4,7,2,0
Japan,15/10/2024,Australia,27,D,13,3,1,6,0,1
Japan,10/10/2024,Saudi Arabia,61,W,7,3,2,9,2,0
Japan,10/09/2024,Bahrain,91,W,15,9,5,3,1,0
Japan,05/09/2024,China,94,W,15,8,7,0,0,0
Japan,11/06/2024,Syria,84,W,20,12,5,7,0,0
Jordan,31/03/2026,Nigeria,26,D,8,4,2,8,4,2
Jordan,27/03/2026,Costa Rica,51,D,6,3,2,4,3,2
Jordan,18/12/2025,Morocco,8,L,9,4,2,15,5,3
Jordan,15/12/2025,Saudi Arabia,61,W,6,5,1,8,1,0
Jordan,12/12/2025,Iraq,57,W,6,4,1,21,3,0
Jordan,09/12/2025,Egypt,29,W,16,6,3,20,7,0
Jordan,06/12/2025,Kuwait,134,W,22,6,3,3,2,1
Jordan,03/12/2025,United Arab Emirates,68,W,11,6,2,8,2,1
Jordan,14/10/2025,Albania,64,L,14,6,2,12,5,4
Jordan,04/09/2025,Russia,36,D,16,6,0,13,3,0
Jordan,10/06/2025,Iraq,57,L,9,0,0,7,4,1
Jordan,05/06/2025,Oman,79,W,9,4,3,10,2,0
Jordan,25/03/2025,South Korea,25,D,11,3,1,12,3,1
Jordan,20/03/2025,Palestine,95,W,10,5,3,11,3,1
Mexico,31/03/2026,Belgium,8,D,10,3,1,5,2,1
Mexico,28/03/2026,Portugal,5,D,7,1,0,10,2,0
Mexico,25/02/2026,Iceland,74,W,24,11,4,4,2,0
Mexico,25/01/2026,Bolivia,76,W,3,2,1,13,4,0
Mexico,22/01/2026,Panama,36,W,9,3,1,4,1,0
Mexico,18/11/2025,Paraguay,37,L,9,3,1,14,7,2
Mexico,15/11/2025,Uruguay,15,D,10,3,0,3,2,0
Mexico,14/10/2025,Ecuador,24,D,13,4,1,7,5,1
Mexico,11/10/2025,Colombia,13,L,10,2,0,7,4,4
Mexico,09/09/2025,South Korea,23,D,17,6,2,8,3,2
Mexico,06/09/2025,Japan,18,D,8,1,0,9,2,0
Mexico,06/07/2025,USA,16,W,16,8,2,6,3,1
Mexico,02/07/2025,Honduras,75,W,10,4,1,6,1,0
Mexico,28/06/2025,Saudi Arabia,59,W,14,5,2,1,0,0
Mexico,22/06/2025,Costa Rica,54,D,13,4,0,6,0,0
Mexico,18/06/2025,Suriname,136,W,16,6,2,5,2,0
Mexico,14/06/2025,Dominican Republic,140,W,15,9,3,12,5,2
Mexico,10/06/2025,Turkey,26,W,6,3,1,17,1,0
Mexico,07/06/2025,Switzerland,20,L,10,5,2,15,6,4
Mexico,23/03/2025,Panama,36,W,15,5,2,8,4,1
Morocco,31/03/2026,Paraguay,39,W,6,4,2,11,7,1
Morocco,27/03/2026,Ecuador,23,D,12,3,1,8,2,1
Morocco,18/01/2026,Senegal,14,L,21,4,0,14,7,1
Morocco,14/01/2026,Nigeria,26,D,16,5,0,2,1,0
Morocco,09/01/2026,Cameroon,45,W,9,3,2,5,0,0
Morocco,04/01/2026,Tanzania,108,W,12,4,1,4,1,0
Morocco,29/12/2025,Zambia,85,W,19,9,3,5,0,0
Morocco,26/12/2025,Mali,54,D,15,4,1,5,1,1
Morocco,21/12/2025,Comoros,105,W,16,7,2,4,2,0
Morocco,18/12/2025,Jordan,60,W,15,5,3,9,4,2
Morocco,15/12/2025,United Arab Emirates,67,W,10,7,3,12,2,0
Morocco,11/12/2025,Syria,84,W,21,8,1,6,1,0
Morocco,08/12/2025,Saudi Arabia,58,W,9,0,1,3,2,0
Morocco,05/12/2025,Oman,79,D,6,1,0,6,0,0
Morocco,02/12/2025,Comoros,105,W,13,5,3,11,3,1
Morocco,18/11/2025,Uganda,89,W,11,3,4,2,1,0
Morocco,14/11/2025,Mozambique,97,W,18,5,1,3,0,0
Morocco,14/10/2025,Congo,114,W,18,5,1,1,0,0
Morocco,09/10/2025,Bahrain,82,W,29,2,1,2,0,0
Morocco,08/09/2025,Zambia,85,W,19,9,2,5,0,0
Netherlands,17/11/2025,Lithuania,148,W,20,8,4,9,1,0
Netherlands,14/11/2025,Poland,35,D,8,3,1,12,5,1
Netherlands,12/10/2025,Finland,73,W,17,6,4,7,3,0
Netherlands,09/10/2025,Malta,161,W,22,8,4,7,0,0
Netherlands,07/09/2025,Lithuania,148,W,14,7,3,4,3,2
Netherlands,04/09/2025,Poland,35,D,14,5,1,6,2,1
Netherlands,10/06/2025,Malta,161,W,27,9,8,5,2,0
Netherlands,07/06/2025,Finland,73,W,17,6,2,5,2,0
Netherlands,23/03/2025,Spain,2,D,16,9,3,19,9,3
Netherlands,20/03/2025,Spain,2,D,10,4,2,15,6,2
Netherlands,19/11/2024,Bosnia & Herzegovina,65,D,12,2,1,8,3,1
Netherlands,16/11/2024,Hungary,42,W,22,11,4,12,2,0
Netherlands,14/10/2024,Germany,10,L,3,1,0,13,5,1
Netherlands,11/10/2024,Hungary,42,D,16,4,1,5,1,1
Netherlands,10/09/2024,Germany,10,D,11,4,2,21,5,2
Netherlands,07/09/2024,Bosnia & Herzegovina,65,W,28,9,5,4,3,2
Netherlands,10/07/2024,England,4,L,7,2,1,9,5,2
Netherlands,06/07/2024,Turkey,22,W,11,4,2,15,4,1
Netherlands,02/07/2024,Romania,56,W,23,6,3,5,1,0
Netherlands,25/06/2024,Austria,24,L,11,2,2,9,5,3
New Zealand,30/03/2026,Chile,55,W,12,7,4,5,4,1
New Zealand,27/03/2026,Finland,75,L,11,2,0,10,3,2
New Zealand,18/11/2025,Ecuador,23,L,10,2,0,24,8,2
New Zealand,15/11/2025,Colombia,13,L,10,3,1,22,8,2
New Zealand,14/10/2025,Norway,33,D,9,5,1,23,6,1
New Zealand,09/10/2025,Poland,30,L,11,2,0,15,3,1
New Zealand,09/09/2025,Australia,27,L,8,4,1,13,6,3
New Zealand,05/09/2025,Australia,27,L,9,4,0,7,3,1
New Zealand,10/06/2025,Ukraine,32,L,4,3,1,17,11,2
New Zealand,07/06/2025,Cote d'Ivoire,45,W,2,1,1,13,4,0
New Zealand,10/09/2024,USA,16,D,9,4,1,18,6,1
New Zealand,07/09/2024,Mexico,14,L,3,2,0,13,9,3
Norway,31/03/2026,Switzerland,19,D,5,1,0,10,1,0
Norway,27/03/2026,Netherlands,7,L,5,2,1,14,5,2
Norway,16/11/2025,Italy,12,W,13,5,4,15,4,1
Norway,13/11/2025,Estonia,129,W,18,7,4,6,3,1
Norway,14/10/2025,New Zealand,85,D,23,6,1,9,5,1
Norway,11/10/2025,Israel,77,W,16,5,5,4,1,0
Norway,09/09/2025,Moldova,159,W,34,18,11,2,0,1
Norway,04/09/2025,Finland,73,W,14,2,1,3,1,0
Norway,09/06/2025,Estonia,129,W,18,3,1,6,0,0
Norway,06/06/2025,Italy,12,W,9,5,3,8,3,0
Norway,25/03/2025,Israel,77,W,11,6,4,14,5,2
Norway,22/03/2025,Moldova,159,W,24,8,5,10,4,0
Norway,17/11/2024,Kazakhstan,110,W,24,9,5,8,0,0
Norway,14/11/2024,Slovenia,58,W,14,7,4,8,3,1
Norway,13/10/2024,Austria,24,L,8,1,1,16,10,5
Norway,10/10/2024,Slovenia,58,W,25,14,3,11,2,0
Norway,09/09/2024,Austria,24,W,6,2,2,9,4,1
Norway,06/09/2024,Kazakhstan,110,D,19,2,0,4,0,0
Norway,08/06/2024,Denmark,20,L,7,3,1,11,6,3
Norway,05/06/2024,Kosovo,78,W,13,4,3,9,0,0
Panama,18/11/2025,El Salvador,100,W,21,10,3,7,2,0
Panama,13/11/2025,Guatemala,96,W,9,5,3,24,8,2
Panama,14/10/2025,Suriname,125,D,28,8,1,8,4,1
Panama,10/10/2025,El Salvador,100,W,7,2,1,10,1,0
Panama,08/09/2025,Guatemala,96,D,18,6,1,7,1,1
Panama,04/09/2025,Suriname,125,D,15,4,0,9,3,0
Panama,28/06/2025,Honduras,66,L,14,6,1,10,2,1
Panama,24/06/2025,Jamaica,71,W,8,4,4,15,5,1
Panama,20/06/2025,Guatemala,96,W,21,8,1,3,1,0
Panama,23/03/2025,Mexico,15,L,8,4,1,15,5,2
Panama,20/03/2025,USA,16,W,3,1,1,12,5,0
Panama,18/11/2024,Costa Rica,51,D,15,9,2,7,4,2
Panama,14/11/2024,Costa Rica,51,W,10,6,1,8,5,0
Panama,15/10/2024,Canada,30,L,4,2,1,13,11,2
Panama,12/10/2024,USA,16,L,13,3,0,11,4,2
Portugal,31/03/2026,United States,16,W,11,5,2,12,3,0
Portugal,28/03/2026,Mexico,15,D,10,2,0,7,1,0
Portugal,16/11/2025,Armenia,106,W,34,15,9,4,2,1
Portugal,13/11/2025,Republic of Ireland,59,L,27,5,0,14,3,2
Portugal,14/10/2025,Hungary,42,D,20,8,2,17,7,2
Portugal,11/10/2025,Republic of Ireland,59,W,30,6,1,2,0,0
Portugal,09/09/2025,Hungary,42,W,15,7,3,5,2,2
Portugal,06/09/2025,Armenia,106,W,24,9,5,7,3,0
Portugal,08/06/2025,Spain,2,D,7,2,2,16,6,2
Portugal,04/06/2025,Germany,10,W,17,6,2,9,5,1
Portugal,23/03/2025,Denmark,20,W,18,11,5,14,4,2
Portugal,20/03/2025,Denmark,20,L,8,2,0,23,9,1
Portugal,18/11/2024,Croatia,11,D,12,5,1,15,8,1
Portugal,15/11/2024,Poland,35,W,19,6,5,12,5,1
Portugal,15/10/2024,Scotland,43,D,14,3,0,4,2,0
Portugal,12/10/2024,Poland,35,W,18,6,3,12,4,1
Portugal,08/09/2024,Scotland,43,W,26,7,2,5,2,1
Portugal,05/09/2024,Croatia,11,W,15,6,2,13,4,1
Portugal,05/07/2024,France,1,D,15,4,0,20,5,0
Portugal,01/07/2024,Slovenia,58,D,20,6,0,10,2,0
Qatar,07/12/2025,Tunisia,44,L,12,4,0,13,7,3
Qatar,04/12/2025,Syria,84,D,17,5,1,6,2,1
Qatar,01/12/2025,Palestine,95,L,7,1,0,3,1,1
Qatar,14/10/2025,United Arab Emirates,68,W,7,4,2,15,9,1
Qatar,08/10/2025,Oman,79,D,13,2,0,6,1,0
Qatar,03/09/2025,Bahrain,91,D,10,4,2,12,6,2
Qatar,10/06/2025,Uzbekistan,50,L,1,0,0,18,8,3
Qatar,05/06/2025,Iran,21,W,6,3,1,6,3,0
Qatar,25/03/2025,Kyrgyzstan,107,L,9,4,1,14,5,3
Qatar,20/03/2025,North Korea,118,W,12,9,5,12,6,1
Qatar,27/12/2024,Kuwait,134,D,18,5,1,9,5,1
Qatar,24/12/2024,Oman,79,L,10,2,1,9,2,2
Qatar,21/12/2024,United Arab Emirates,68,D,3,2,1,13,4,1
Qatar,19/11/2024,United Arab Emirates,68,L,10,0,0,10,7,5
Qatar,14/11/2024,Uzbekistan,50,W,11,8,3,21,9,2
Qatar,15/10/2024,Iran,21,L,11,1,1,18,8,4
Qatar,10/10/2024,Kyrgyzstan,107,W,32,8,3,8,3,1
Qatar,10/09/2024,North Korea,118,D,19,6,2,11,5,2
Qatar,05/09/2024,United Arab Emirates,68,L,8,1,1,9,4,3
Qatar,11/06/2024,India,136,W,18,8,2,9,2,1
Saudi Arabia,31/03/2026,Serbia,39,L,3,1,1,23,10,2
Saudi Arabia,27/03/2026,Egypt,29,L,7,0,0,13,8,4
Saudi Arabia,15/12/2025,Jordan,64,L,8,1,0,6,5,1
Saudi Arabia,11/12/2025,Palestine,94,W,14,3,2,8,2,1
Saudi Arabia,08/12/2025,Morocco,8,L,3,2,0,9,0,1
Saudi Arabia,05/12/2025,Comoros,107,W,18,5,3,6,2,1
Saudi Arabia,02/12/2025,Oman,79,W,14,5,2,6,3,1
Saudi Arabia,18/11/2025,Algeria,28,L,6,2,0,10,4,2
Saudi Arabia,14/10/2025,Iraq,59,D,15,4,0,4,1,0
Saudi Arabia,08/10/2025,Indonesia,121,W,17,10,3,10,5,2
Saudi Arabia,08/09/2025,Czechia,43,D,9,5,1,6,1,1
Saudi Arabia,04/09/2025,North Macedonia,67,W,11,7,2,5,2,1
Saudi Arabia,28/06/2025,Mexico,15,L,1,0,0,14,5,2
Saudi Arabia,22/06/2025,Trinidad and Tobago,102,D,14,4,1,6,3,1
Saudi Arabia,19/06/2025,USA,16,L,3,1,0,6,3,1
Saudi Arabia,15/06/2025,Haiti,83,W,7,4,1,13,5,0
Saudi Arabia,10/06/2025,Australia,27,L,14,6,1,4,3,2
Saudi Arabia,05/06/2025,Bahrain,90,W,10,3,2,17,2,0
Senegal,18/01/2026,Morocco,8,W,13,7,1,20,4,0
Senegal,14/01/2026,Egypt,31,W,12,4,1,3,1,0
Senegal,09/01/2026,Mali,54,W,19,8,1,8,2,0
Senegal,03/01/2026,Sudan,117,W,14,9,3,9,3,1
Senegal,30/12/2025,Benin,92,W,10,6,3,7,4,0
Senegal,27/12/2025,DR Congo,48,D,11,3,1,7,3,1
Senegal,23/12/2025,Botswana,138,W,28,17,3,4,0,0
Senegal,15/11/2025,Brazil,6,L,11,1,0,14,6,2
Senegal,14/10/2025,Mauritania,110,W,14,12,4,8,4,0
Senegal,10/10/2025,South Sudan,171,W,5,5,5,0,0,0
Senegal,09/09/2025,DR Congo,48,W,11,6,3,7,4,2
Senegal,05/09/2025,Sudan,117,W,9,5,2,6,1,0
Senegal,29/08/2025,Sudan,117,D,15,6,1,10,3,1
Senegal,26/08/2025,Morocco,8,D,12,4,1,12,4,1
Senegal,23/08/2025,Uganda,82,W,7,3,1,16,5,0
Senegal,19/08/2025,Sudan,117,D,8,1,0,5,1,0
Senegal,12/08/2025,Congo,129,D,11,4,1,8,3,1
Senegal,05/08/2025,Nigeria,26,W,8,2,1,6,1,0
South Africa,31/03/2026,Panama,33,L,7,2,1,11,5,2
South Africa,27/03/2026,Panama,33,D,12,5,1,3,2,1
South Africa,04/01/2026,Cameroon,45,L,18,4,1,10,4,2
South Africa,29/12/2025,Zimbabwe,130,W,16,9,3,10,3,2
South Africa,26/12/2025,Egypt,29,L,18,6,0,6,3,1
South Africa,22/12/2025,Angola,89,W,10,4,2,10,4,1
South Africa,15/11/2025,Zambia,92,W,14,6,3,5,1,1
South Africa,14/10/2025,Rwanda,128,W,12,6,3,2,0,0
South Africa,10/10/2025,Zimbabwe,130,D,10,2,0,3,2,0
South Africa,09/09/2025,Nigeria,26,D,8,4,1,4,2,1
South Africa,05/09/2025,Lesotho,145,W,10,10,3,8,2,0
South Africa,18/08/2025,Uganda,88,D,11,5,3,12,4,3
South Africa,15/08/2025,Niger,114,D,9,5,0,11,2,0
South Africa,11/08/2025,Guinea,80,W,6,2,2,21,2,1
South Africa,08/08/2025,Algeria,28,D,7,2,1,14,4,1
South Africa,25/03/2025,Benin,90,W,7,5,2,4,1,0
South Korea,31/03/2026,Austria,24,L,11,2,0,5,1,1
South Korea,28/03/2026,Cote d'Ivoire,34,L,12,2,0,13,8,4
South Korea,18/11/2025,Ghana,74,W,7,4,1,12,1,0
South Korea,14/11/2025,Bolivia,76,W,12,5,2,6,4,0
South Korea,14/10/2025,Paraguay,40,W,8,3,2,10,1,0
South Korea,10/10/2025,Brazil,6,L,4,1,0,14,7,5
South Korea,09/09/2025,Mexico,15,D,8,3,2,17,6,2
South Korea,06/09/2025,United States,16,W,5,4,2,17,5,0
South Korea,15/07/2025,Japan,18,L,9,1,0,4,1,1
South Korea,11/07/2025,Hong Kong,155,W,20,6,2,3,0,0
South Korea,07/07/2025,China,94,W,15,7,3,5,0,0
South Korea,10/06/2025,Kuwait,134,W,25,8,4,6,0,0
South Korea,05/06/2025,Iraq,57,W,13,7,2,5,2,0
South Korea,25/03/2025,Jordan,63,D,12,3,1,11,3,1
South Korea,20/03/2025,Oman,79,D,10,3,1,5,2,1
South Korea,19/11/2024,Palestine,95,D,17,5,1,6,2,1
South Korea,14/11/2024,Kuwait,134,W,14,5,3,4,1,1
South Korea,15/10/2024,Iraq,57,W,7,3,3,8,2,2
South Korea,10/10/2024,Jordan,63,W,13,5,2,13,2,0
South Korea,10/09/2024,Oman,79,W,16,8,3,8,1,1
Spain,31-Mar-26,Egypt,34,D,22,7,0,4,1,0
Spain,27-Mar-26,Serbia,33,W,14,8,3,2,2,0
Spain,18-Nov-25,Türkiye,26,D,21,9,2,13,7,2
Spain,15-Nov-25,Georgia,74,W,14,7,4,6,2,0
Spain,14-Oct-25,Bulgaria,72,W,33,11,4,3,0,0
Spain,11-Oct-25,Georgia,74,W,21,12,2,5,1,0
Spain,07-Sep-25,Türkiye,26,W,21,12,6,11,2,0
Spain,04-Sep-25,Bulgaria,72,W,24,12,3,3,0,0
Spain,08-Jun-25,Portugal,6,D,16,6,2,7,2,2
Spain,05-Jun-25,France,2,W,16,9,5,24,8,4
Spain,23-Mar-25,Netherlands,7,D,17,8,3,17,11,3
Spain,20-Mar-25,Netherlands,7,D,15,6,2,10,4,2
Spain,18-Nov-24,Switzerland,19,W,21,10,3,11,4,2
Spain,15-Nov-24,Denmark,22,W,11,4,2,10,3,1
Spain,15-Oct-24,Serbia,33,W,25,10,3,3,1,0
Spain,12-Oct-24,Denmark,22,W,25,6,1,3,1,0
Spain,08-Sep-24,Switzerland,19,W,10,8,4,18,3,1
Spain,05-Sep-24,Serbia,33,D,22,6,0,9,2,0
Spain,14-Jul-24,England,5,W,15,7,2,9,3,1
Spain,09-Jul-24,France,2,W,6,2,2,9,3,1
Sweden,31/03/2026,Poland,35,W,15,7,3,9,5,2
Sweden,26/03/2026,Ukraine,32,W,10,4,3,10,4,1
Sweden,18/11/2025,Slovenia,51,D,11,2,1,17,3,1
Sweden,15/11/2025,Switzerland,17,L,6,3,1,9,7,4
Sweden,13/10/2025,Kosovo,84,L,13,4,0,7,3,1
Sweden,10/10/2025,Switzerland,17,L,7,0,0,17,8,2
Sweden,08/09/2025,Kosovo,84,L,14,5,0,11,5,2
Sweden,05/09/2025,Slovenia,51,D,14,2,2,9,4,2
Sweden,10/06/2025,Algeria,36,W,12,9,4,17,6,3
Sweden,06/06/2025,Hungary,39,W,13,6,2,15,5,0
Sweden,25/03/2025,Northern Ireland,70,W,16,6,5,14,5,1
Sweden,19/11/2024,Azerbaijan,117,W,34,14,6,4,3,0
Sweden,16/11/2024,Slovakia,45,W,16,8,2,6,2,1
Sweden,14/10/2024,Estonia,123,W,19,10,3,4,0,0
Sweden,08/09/2024,Estonia,123,W,34,11,3,5,2,0
Sweden,05/09/2024,Azerbaijan,117,W,30,11,3,14,9,1
Sweden,08/06/2024,Serbia,32,L,20,9,0,8,4,3
Sweden,05/06/2024,Denmark,21,L,10,2,1,20,9,2
Switzerland,18/11/2025,Kosovo,97,D,6,3,1,11,4,1
Switzerland,15/11/2025,Sweden,38,W,9,7,4,6,3,1
Switzerland,13/10/2025,Slovenia,58,D,11,3,0,4,0,0
Switzerland,10/10/2025,Sweden,38,W,13,6,2,7,1,0
Switzerland,08/09/2025,Slovenia,58,W,12,6,3,6,1,0
Switzerland,05/09/2025,Kosovo,97,W,10,5,4,7,1,0
Switzerland,10/06/2025,USA,16,W,11,6,4,6,0,0
Switzerland,07/06/2025,Mexico,15,W,15,6,4,10,5,2
Switzerland,18/11/2024,Spain,2,L,11,4,2,21,10,3
Switzerland,15/11/2024,Serbia,39,D,19,7,1,7,2,1
Switzerland,15/10/2024,Denmark,20,D,14,3,2,8,5,2
Switzerland,12/10/2024,Serbia,39,L,11,4,0,7,4,2
Switzerland,08/09/2024,Spain,2,L,20,3,1,9,8,4
Switzerland,05/09/2024,Denmark,20,L,5,1,0,17,8,2
Switzerland,06/07/2024,England,4,D,11,3,1,13,3,1
Switzerland,29/06/2024,Italy,9,W,16,4,2,11,1,0
Switzerland,23/06/2024,Germany,7,D,4,3,1,18,3,1
Switzerland,19/06/2024,Scotland,43,D,11,4,1,12,3,1
Switzerland,15/06/2024,Hungary,42,W,15,7,3,6,2,1
Switzerland,08/06/2024,Austria,24,D,4,2,1,11,3,1
Tunisia,31/03/2026,Canada,30,D,4,2,0,14,6,0
Tunisia,28/03/2026,Haiti,83,W,11,5,1,13,2,0
Tunisia,03/01/2026,Mali,52,L,13,4,1,8,1,1
Tunisia,30/12/2025,Tanzania,113,D,6,2,1,6,2,1
Tunisia,27/12/2025,Nigeria,26,L,8,2,2,15,5,3
Tunisia,23/12/2025,Uganda,88,W,15,6,3,9,1,1
Tunisia,07/12/2025,Qatar,55,W,13,7,3,12,4,0
Tunisia,04/12/2025,Palestine,95,D,11,7,2,13,3,2
Tunisia,01/12/2025,Syria,84,L,16,4,0,4,3,1
Tunisia,18/11/2025,Brazil,6,D,7,2,1,21,3,1
Tunisia,12/11/2025,Mauritania,115,D,14,3,1,4,1,1
Tunisia,13/10/2025,Namibia,120,W,10,4,3,12,5,0
Tunisia,10/10/2025,Sao Tome and Principe,196,W,16,12,6,6,4,0
Tunisia,08/09/2025,Equatorial Guinea,105,W,3,2,1,9,4,0
Tunisia,04/09/2025,Liberia,140,W,12,8,3,4,3,0
Tunisia,24/03/2025,Malawi,127,W,22,10,2,8,4,0
Tunisia,19/03/2025,Liberia,140,W,1,1,1,0,0,0
Tunisia,09/06/2024,Namibia,120,D,4,0,0,5,2,0
Tunisia,05/06/2024,Equatorial Guinea,105,W,9,3,1,7,1,0
Turkey,31/03/2026,Kosovo,78,W,12,3,1,11,2,0
Turkey,26/03/2026,Romania,56,W,16,2,1,6,0,0
Turkey,18/11/2025,Spain,2,D,13,7,2,21,9,2
Turkey,15/11/2025,Bulgaria,86,W,19,6,2,9,2,0
Turkey,14/10/2025,Georgia,72,W,10,6,4,12,3,1
Turkey,11/10/2025,Bulgaria,86,W,18,8,6,4,2,1
Turkey,07/09/2025,Spain,2,L,11,2,0,21,12,6
Turkey,04/09/2025,Georgia,72,W,6,3,3,15,4,2
Turkey,11/06/2025,Mexico,15,L,17,1,0,6,3,1
Turkey,07/06/2025,United States,16,W,11,5,2,13,3,1
Turkey,23/03/2025,Hungary,42,W,9,4,3,10,2,0
Turkey,20/03/2025,Hungary,42,W,10,3,3,15,6,1
Turkey,19/11/2024,Montenegro,81,L,21,6,1,10,6,3
Turkey,16/11/2024,Wales,37,D,25,3,0,4,1,0
Turkey,14/10/2024,Iceland,75,W,24,12,4,12,7,2
Turkey,11/10/2024,Montenegro,81,W,29,9,1,10,3,0
Turkey,09/09/2024,Iceland,75,W,21,7,3,6,1,1
Turkey,06/09/2024,Wales,37,D,5,1,0,15,1,0
Turkey,06/07/2024,Netherlands,7,L,15,4,1,11,4,2
Turkey,02/07/2024,Austria,24,W,6,3,2,21,5,1
Usa,31/03/2026,Portugal,5,L,12,3,0,11,5,2
Usa,28/03/2026,Belgium,9,L,5,3,2,21,10,5
Usa,18/11/2025,Uruguay,15,W,10,7,5,9,2,1
Usa,15/11/2025,Paraguay,39,W,8,4,2,8,3,1
Usa,14/10/2025,Australia,24,W,10,5,2,8,3,1
Usa,10/10/2025,Ecuador,23,D,8,4,1,8,1,1
Usa,09/09/2025,Japan,18,W,19,11,2,11,6,0
Usa,06/09/2025,South Korea,22,L,15,4,0,5,4,2
Usa,06/07/2025,Mexico,14,L,6,3,1,16,8,2
Usa,02/07/2025,Guatemala,106,W,12,7,2,20,5,1
Usa,29/06/2025,Costa Rica,54,D,18,4,2,7,3,2
Usa,22/06/2025,Haiti,83,W,15,5,2,8,3,1
Usa,19/06/2025,Saudi Arabia,58,W,6,3,1,3,1,0
Usa,15/06/2025,Trinidad and Tobago,102,W,21,11,5,3,2,0
Usa,10/06/2025,Switzerland,20,L,7,0,0,12,7,4
Usa,07/06/2025,Turkey,26,L,13,3,1,11,5,2
Usa,23/03/2025,Canada,30,L,5,2,1,9,4,2
Usa,20/03/2025,Panama,35,L,12,5,0,3,1,1
Usa,22/01/2025,Costa Rica,54,W,9,5,3,8,4,0
Usa,18/01/2025,Venezuela,49,W,10,7,3,6,2,1
Uzbekistan,30/03/2026,Venezuela,49,D,8,5,0,4,0,0
Uzbekistan,27/03/2026,Gabon,87,W,15,8,3,11,5,1
Uzbekistan,18/11/2025,Iran,21,D,6,1,0,10,2,0
Uzbekistan,13/10/2025,Uruguay,17,L,7,2,1,13,4,2
Uzbekistan,10/06/2025,Qatar,55,W,18,8,3,1,0,0
Uzbekistan,05/06/2025,United Arab Emirates,68,D,4,0,0,10,6,0
Uzbekistan,25/03/2025,Iran,21,D,13,4,2,20,8,2
Uzbekistan,20/03/2025,Kyrgyzstan,107,W,26,9,1,1,0,0
Uzbekistan,19/11/2024,North Korea,118,W,17,2,1,17,2,0
Uzbekistan,14/11/2024,Qatar,55,L,21,9,2,11,8,3
Uzbekistan,15/10/2024,United Arab Emirates,68,W,26,4,1,12,5,0
Uzbekistan,10/10/2024,Iran,21,D,10,1,0,10,5,0
Uzbekistan,10/09/2024,Kyrgyzstan,107,W,18,10,3,13,3,2
Uzbekistan,05/09/2024,North Korea,118,W,13,4,1,8,4,0
Uruguay,31/03/2026,Algeria,28,D,11,1,0,6,0,0
Uruguay,27/03/2026,England,4,D,9,1,1,13,5,1
Uruguay,18/11/2025,USA,16,L,9,2,1,10,7,5
Uruguay,15/11/2025,Mexico,15,D,3,2,0,10,3,0
Uruguay,13/10/2025,Uzbekistan,50,W,13,4,2,7,2,1
Uruguay,10/10/2025,Dominican Republic,143,W,11,1,1,7,4,0
Uruguay,09/09/2025,Chile,54,D,6,3,0,16,3,0
Uruguay,04/09/2025,Peru,53,W,24,7,3,11,3,0
Uruguay,10/06/2025,Venezuela,49,W,12,5,2,10,1,0
Uruguay,05/06/2025,Paraguay,40,L,5,1,0,12,5,2
Uruguay,25/03/2025,Bolivia,76,D,11,0,0,32,7,0
Uruguay,21/03/2025,Argentina,3,L,6,2,0,12,4,1
Uruguay,19/11/2024,Brazil,6,D,8,2,1,18,3,1